RegionID,SizeRank,RegionName,RegionType,StateName,2018-01-31,2018-02-28,2018-03-31,2018-04-30,2018-05-31,2018-06-30,2018-07-31,2018-08-31,2018-09-30,2018-10-31,2018-11-30,2018-12-31,2019-01-31,2019-02-28,2019-03-31,2019-04-30,2019-05-31,2019-06-30,2019-07-31,2019-08-31,2019-09-30,2019-10-31,2019-11-30,2019-12-31,2020-01-31,2020-02-29,2020-03-31,2020-04-30,2020-05-31,2020-06-30,2020-07-31,2020-08-31,2020-09-30,2020-10-31,2020-11-30,2020-12-31,2021-01-31,2021-02-28,2021-03-31,2021-04-30,2021-05-31
102001,0,United States,Country,"",1430225.0,1387590.0,1444857.0,1532191.0,1634260.0,1708217.0,1759676.0,1784474.0,1773503.0,1753159.0,1696261.0,1599298.0,1511207.0,1462710.0,1509435.0,1576086.0,1668665.0,1740548.0,1785306.0,1795906.0,1776934.0,1746715.0,1672821.0,1556152.0,1452106.0,1401803.0,1427403.0,1414841.0,1436341.0,1435273.0,1459442.0,1429021.0,1382965.0,1342720.0,1265268.0,1156829.0,1062363.0,981867.0,970046.0,953285.0,990307.0
394913,1,"New York, NY",Msa,NY,69081.0,68644.0,73173.0,80124.0,86153.0,90703.0,92801.0,92289.0,91030.0,90213.0,87923.0,82653.0,77378.0,75130.0,78801.0,84626.0,91454.0,96091.0,97642.0,96113.0,94324.0,92286.0,88742.0,81671.0,75218.0,72752.0,74943.0,72588.0,70810.0,70421.0,76567.0,80504.0,81875.0,80908.0,77482.0,70793.0,64095.0,59770.0,59056.0,59791.0,62039.0
753899,2,"Los Angeles-Long Beach-Anaheim, CA",Msa,CA,20122.0,19955.0,21914.0,23834.0,25802.0,27400.0,29104.0,30172.0,30709.0,30928.0,30401.0,28636.0,27006.0,26181.0,27489.0,28775.0,30455.0,31367.0,32055.0,31890.0,31349.0,30367.0,28324.0,25100.0,22333.0,21282.0,21833.0,21518.0,21940.0,22932.0,24975.0,25946.0,26335.0,26325.0,25263.0,22946.0,20693.0,19451.0,19944.0,20300.0,20784.0
394463,3,"Chicago, IL",Msa,IL,42852.0,41179.0,44812.0,49370.0,53911.0,56286.0,58182.0,59156.0,58987.0,58244.0,55525.0,50741.0,46067.0,44291.0,47304.0,52290.0,57195.0,60372.0,61726.0,62208.0,61883.0,60846.0,57608.0,52164.0,47403.0,46033.0,47870.0,47775.0,48146.0,48675.0,51200.0,51840.0,50949.0,49700.0,46518.0,41700.0,37099.0,33426.0,33031.0,33398.0,35885.0
394514,4,"Dallas-Fort Worth, TX",Msa,TX,24279.0,23200.0,24339.0,26745.0,29535.0,31953.0,33914.0,35086.0,35140.0,34277.0,33041.0,31076.0,29607.0,28934.0,30483.0,32440.0,34872.0,37284.0,39346.0,40401.0,39827.0,38693.0,36946.0,34540.0,32332.0,31428.0,32113.0,32241.0,33216.0,33794.0,34681.0,33501.0,31423.0,30286.0,28714.0,26829.0,24449.0,22289.0,21906.0,21698.0,22710.0
394974,5,"Philadelphia, PA",Msa,PA,26492.0,25053.0,26082.0,28363.0,30667.0,31833.0,31557.0,30713.0,29976.0,29849.0,29314.0,27801.0,26132.0,25034.0,26086.0,27858.0,29849.0,30959.0,31461.0,30937.0,30176.0,29193.0,27971.0,25775.0,23504.0,22387.0,22464.0,21283.0,20945.0,21100.0,22482.0,22614.0,21924.0,21406.0,20330.0,18572.0,16838.0,15487.0,15771.0,16409.0,17931.0
394692,6,"Houston, TX",Msa,TX,33230.0,32385.0,34015.0,36090.0,38938.0,40630.0,41951.0,42394.0,41657.0,40620.0,39057.0,37397.0,36377.0,36066.0,37654.0,39237.0,41344.0,43570.0,45417.0,46455.0,45604.0,44261.0,42379.0,40435.0,39139.0,38942.0,40040.0,40149.0,40845.0,40645.0,40652.0,38943.0,36980.0,35423.0,33392.0,31223.0,29614.0,28098.0,27882.0,26770.0,26808.0
395209,7,"Washington, DC",Msa,DC,22401.0,21115.0,22697.0,26071.0,29034.0,29213.0,27966.0,26446.0,26057.0,25893.0,25010.0,22690.0,19900.0,18231.0,19391.0,21766.0,24563.0,26058.0,26345.0,25502.0,24801.0,24319.0,23238.0,20669.0,18293.0,17318.0,18524.0,19018.0,19672.0,19345.0,19695.0,19368.0,19315.0,19328.0,18633.0,16791.0,14890.0,13674.0,14511.0,15951.0,18102.0
394856,8,"Miami-Fort Lauderdale, FL",Msa,FL,60781.0,62397.0,65468.0,66751.0,67221.0,65686.0,64285.0,63179.0,62625.0,63136.0,63801.0,64285.0,65760.0,67724.0,70596.0,71115.0,70734.0,69145.0,67598.0,65851.0,64290.0,63727.0,63384.0,63007.0,63266.0,64028.0,65046.0,62957.0,61709.0,60991.0,61594.0,60772.0,59661.0,59292.0,58323.0,56784.0,55052.0,51480.0,47530.0,42400.0,39665.0
394347,9,"Atlanta, GA",Msa,GA,29773.0,28650.0,29759.0,31148.0,32772.0,34291.0,35786.0,36865.0,36662.0,36187.0,35091.0,33474.0,32176.0,32935.0,34633.0,36317.0,37304.0,38980.0,40367.0,41159.0,41090.0,40817.0,39520.0,37455.0,35784.0,35135.0,36127.0,36442.0,37738.0,37916.0,37850.0,36292.0,34313.0,32909.0,30792.0,28414.0,26403.0,24543.0,24108.0,23197.0,23603.0
394404,10,"Boston, MA",Msa,MA,10529.0,9503.0,10080.0,11709.0,14008.0,15882.0,16765.0,16639.0,16768.0,17179.0,16920.0,15082.0,13046.0,11866.0,12649.0,14141.0,16431.0,17983.0,18354.0,17504.0,17095.0,17129.0,16513.0,14122.0,11636.0,10553.0,11223.0,11530.0,12409.0,13351.0,14631.0,14826.0,14692.0,14605.0,13736.0,11625.0,9519.0,8312.0,8851.0,9839.0,10913.0
395057,11,"San Francisco, CA",Msa,CA,4456.0,4275.0,5246.0,6325.0,7345.0,7896.0,8170.0,8166.0,8451.0,8897.0,8788.0,7635.0,6391.0,5992.0,6781.0,7820.0,8824.0,9352.0,9511.0,9179.0,9179.0,9208.0,8708.0,7107.0,5575.0,5203.0,5745.0,5970.0,6512.0,7306.0,8592.0,9195.0,9601.0,9999.0,9627.0,8359.0,6905.0,6449.0,7042.0,7721.0,8174.0
394532,12,"Detroit, MI",Msa,MI,15174.0,13994.0,14235.0,15180.0,16891.0,18492.0,19942.0,21198.0,21796.0,21974.0,21146.0,19638.0,18072.0,16831.0,16855.0,17407.0,18934.0,20593.0,22175.0,23339.0,23879.0,23877.0,22757.0,20804.0,18847.0,17578.0,17131.0,15655.0,16109.0,16781.0,18550.0,18495.0,17940.0,17348.0,15965.0,14190.0,12479.0,11170.0,10983.0,11025.0,11976.0
395025,13,"Riverside, CA",Msa,CA,17520.0,17633.0,18616.0,19480.0,20306.0,20948.0,21615.0,21940.0,22035.0,22099.0,21967.0,21287.0,20731.0,20303.0,20873.0,21220.0,21623.0,21676.0,21668.0,21639.0,21354.0,21095.0,20351.0,19145.0,18075.0,17450.0,17406.0,16694.0,16437.0,16013.0,15698.0,14845.0,14160.0,13960.0,13334.0,12238.0,11074.0,10301.0,10337.0,10335.0,10780.0
394976,14,"Phoenix, AZ",Msa,AZ,25673.0,25899.0,27502.0,28528.0,28931.0,28318.0,27098.0,26085.0,25365.0,25599.0,25803.0,25521.0,25896.0,26690.0,28785.0,29814.0,30264.0,29474.0,27916.0,26285.0,24871.0,24488.0,23925.0,22910.0,22145.0,22000.0,23122.0,23391.0,23683.0,23011.0,22267.0,21279.0,20943.0,21524.0,21416.0,20196.0,18460.0,17340.0,17286.0,17462.0,17742.0
395078,15,"Seattle, WA",Msa,WA,7740.0,6793.0,7394.0,8430.0,10384.0,12045.0,13504.0,14271.0,14865.0,15099.0,14409.0,12503.0,10776.0,9512.0,10082.0,10920.0,12969.0,14488.0,15505.0,15333.0,14682.0,13801.0,12203.0,9857.0,7939.0,7165.0,7867.0,8520.0,9482.0,10091.0,11043.0,11730.0,12087.0,12066.0,10870.0,9075.0,7479.0,6777.0,7471.0,8317.0,9461.0
394865,16,"Minneapolis-St Paul, MN",Msa,MN,10333.0,9549.0,10350.0,11754.0,13573.0,15114.0,16218.0,16727.0,16718.0,16447.0,15253.0,13256.0,11324.0,10226.0,10611.0,11841.0,13873.0,15915.0,17198.0,17646.0,17494.0,17208.0,16072.0,13994.0,11914.0,10978.0,11738.0,12563.0,13658.0,14120.0,14762.0,14824.0,14712.0,14519.0,13298.0,11341.0,9451.0,8562.0,8932.0,9725.0,10847.0
395056,17,"San Diego, CA",Msa,CA,6454.0,6405.0,7128.0,7911.0,8712.0,9264.0,9830.0,10277.0,10556.0,10617.0,10386.0,9757.0,9211.0,8870.0,9226.0,9561.0,10070.0,10393.0,10661.0,10676.0,10382.0,9949.0,9151.0,8132.0,7328.0,7023.0,7286.0,7266.0,7501.0,7618.0,7943.0,7888.0,7747.0,7620.0,7144.0,6397.0,5622.0,5247.0,5442.0,5649.0,6016.0
395121,18,"St. Louis, MO",Msa,MO,12945.0,12338.0,12816.0,13631.0,14633.0,15296.0,15763.0,15979.0,15813.0,15643.0,15010.0,13970.0,12685.0,11736.0,11965.0,12654.0,13675.0,14259.0,14543.0,14602.0,14554.0,14586.0,14231.0,13250.0,12091.0,11342.0,11584.0,11516.0,11640.0,11379.0,11558.0,11403.0,11297.0,11212.0,10728.0,9774.0,8860.0,7913.0,7741.0,7684.0,8232.0
395148,19,"Tampa, FL",Msa,FL,18203.0,18481.0,19632.0,20381.0,20940.0,20922.0,20535.0,20243.0,19901.0,19955.0,20028.0,19905.0,20267.0,20736.0,21694.0,21581.0,21351.0,21102.0,21046.0,20831.0,20291.0,20034.0,19696.0,19019.0,18738.0,18764.0,19392.0,18935.0,18831.0,18155.0,17694.0,16603.0,15722.0,15498.0,15044.0,14471.0,13723.0,12945.0,12485.0,11652.0,11415.0
394358,20,"Baltimore, MD",Msa,MD,12985.0,12298.0,12796.0,13983.0,15222.0,15624.0,15375.0,14943.0,14688.0,14564.0,14173.0,13353.0,12343.0,11589.0,12049.0,13082.0,14378.0,15141.0,15383.0,15186.0,14906.0,14681.0,14102.0,12880.0,11597.0,10895.0,11053.0,10896.0,10981.0,10721.0,10737.0,10324.0,10030.0,9849.0,9307.0,8311.0,7324.0,6622.0,6675.0,7054.0,7873.0
394530,21,"Denver, CO",Msa,CO,10676.0,10093.0,11216.0,12682.0,14474.0,16102.0,17094.0,17658.0,17723.0,17751.0,17021.0,15206.0,13698.0,12939.0,13860.0,15139.0,17199.0,19038.0,20132.0,20417.0,20082.0,19484.0,17687.0,14978.0,12760.0,11745.0,12668.0,13165.0,15020.0,16034.0,17202.0,16705.0,15782.0,14937.0,13165.0,10976.0,8879.0,7291.0,6835.0,6675.0,7396.0
394982,22,"Pittsburgh, PA",Msa,PA,10732.0,10184.0,10339.0,10770.0,11382.0,11900.0,12202.0,12276.0,11986.0,11723.0,11229.0,10518.0,9789.0,9298.0,9461.0,9795.0,10348.0,10744.0,10818.0,10739.0,10601.0,10605.0,10312.0,9623.0,9002.0,8623.0,8496.0,7834.0,7943.0,8312.0,9059.0,8979.0,8789.0,8498.0,7947.0,6978.0,6249.0,5632.0,5612.0,5671.0,6175.0
394998,23,"Portland, OR",Msa,OR,7667.0,7006.0,7309.0,8087.0,9352.0,10598.0,11531.0,12132.0,12341.0,12212.0,11563.0,10400.0,9426.0,8775.0,9086.0,9656.0,10853.0,11846.0,12596.0,12794.0,12645.0,12142.0,11158.0,9703.0,8578.0,7979.0,8427.0,8778.0,9529.0,9824.0,10269.0,10232.0,9877.0,9483.0,8529.0,7403.0,6361.0,5777.0,6028.0,6321.0,7037.0
394458,24,"Charlotte, NC",Msa,NC,8956.0,8789.0,9665.0,10464.0,11280.0,11615.0,11996.0,12172.0,11911.0,11666.0,11151.0,10455.0,9920.0,9749.0,10699.0,11368.0,12276.0,12714.0,13302.0,13419.0,13281.0,13110.0,12494.0,11434.0,10545.0,10145.0,10621.0,10589.0,10962.0,10617.0,10392.0,9738.0,9320.0,9171.0,8699.0,7965.0,7373.0,6989.0,7087.0,6927.0,7094.0
395045,25,"Sacramento, CA",Msa,CA,5744.0,5398.0,5832.0,6509.0,7452.0,8216.0,8783.0,9164.0,9287.0,9314.0,8823.0,7939.0,7062.0,6481.0,6583.0,7015.0,7819.0,8574.0,9095.0,9356.0,9320.0,9033.0,8257.0,7134.0,6242.0,5898.0,6189.0,6391.0,6823.0,7147.0,7374.0,7150.0,6835.0,6704.0,6232.0,5434.0,4484.0,3981.0,4135.0,4519.0,4970.0
395055,26,"San Antonio, TX",Msa,TX,11578.0,11441.0,12136.0,12990.0,13715.0,14183.0,14546.0,14793.0,14574.0,14182.0,13705.0,13252.0,12993.0,12904.0,13617.0,14385.0,15241.0,16058.0,16814.0,17277.0,17112.0,16781.0,16232.0,15620.0,15077.0,14978.0,15327.0,15367.0,15652.0,15665.0,15651.0,15032.0,14235.0,13732.0,12932.0,12023.0,11092.0,10017.0,9459.0,8771.0,8838.0
394943,27,"Orlando, FL",Msa,FL,12229.0,12241.0,12842.0,13287.0,13753.0,13915.0,13946.0,14026.0,14080.0,14196.0,14086.0,13775.0,13687.0,13809.0,14394.0,14570.0,14736.0,14903.0,15064.0,14993.0,14579.0,14379.0,14094.0,13608.0,13184.0,13061.0,13331.0,13083.0,13239.0,13341.0,13670.0,13476.0,13132.0,13059.0,12659.0,12114.0,11609.0,11037.0,10773.0,9894.0,9551.0
394466,28,"Cincinnati, OH",Msa,OH,8206.0,7816.0,8031.0,8448.0,9171.0,9689.0,10218.0,10448.0,10528.0,10459.0,10102.0,9412.0,8701.0,8181.0,8308.0,8623.0,9137.0,9604.0,9885.0,10013.0,9956.0,9808.0,9356.0,8517.0,7824.0,7340.0,7392.0,7271.0,7486.0,7569.0,7722.0,7603.0,7419.0,7262.0,6846.0,6247.0,5728.0,5198.0,5140.0,5030.0,5389.0
394475,29,"Cleveland, OH",Msa,OH,12012.0,11373.0,11702.0,12434.0,13436.0,14171.0,14722.0,14910.0,14780.0,14388.0,13740.0,12724.0,11670.0,11052.0,11371.0,12116.0,13145.0,13945.0,14530.0,14725.0,14603.0,14298.0,13571.0,12506.0,11277.0,10433.0,10292.0,10023.0,10027.0,9955.0,10326.0,10525.0,10489.0,10232.0,9571.0,8538.0,7659.0,6311.0,5544.0,4878.0,5276.0
394735,30,"Kansas City, MO",Msa,MO,9266.0,8815.0,9211.0,10020.0,11154.0,12180.0,12666.0,12820.0,12433.0,11812.0,10880.0,9712.0,9055.0,8598.0,8838.0,9347.0,10028.0,10456.0,10653.0,10724.0,10675.0,10553.0,10099.0,9242.0,8332.0,7779.0,7857.0,7841.0,8047.0,8011.0,8062.0,7792.0,7527.0,7487.0,7146.0,6592.0,5900.0,5275.0,5246.0,5448.0,6086.0
394775,31,"Las Vegas, NV",Msa,NV,12037.0,11863.0,12405.0,12984.0,12217.0,11213.0,11291.0,11751.0,12410.0,12026.0,12358.0,12198.0,12358.0,12671.0,13578.0,14089.0,14722.0,15058.0,15299.0,15245.0,14935.0,14574.0,13838.0,12813.0,11939.0,11321.0,11301.0,11176.0,11592.0,11875.0,12160.0,12148.0,12124.0,12180.0,11725.0,10917.0,9833.0,8896.0,8261.0,7830.0,7818.0
394492,32,"Columbus, OH",Msa,OH,5316.0,4902.0,5076.0,5486.0,6245.0,6875.0,7414.0,7704.0,7698.0,7625.0,7207.0,6550.0,5857.0,5345.0,5467.0,5705.0,6347.0,6860.0,7317.0,7515.0,7534.0,7496.0,7122.0,6463.0,5809.0,5334.0,5355.0,5310.0,5509.0,5573.0,5740.0,5724.0,5655.0,5719.0,5481.0,5013.0,4418.0,3993.0,4005.0,4121.0,4586.0
394705,33,"Indianapolis, IN",Msa,IN,7262.0,6808.0,7149.0,7540.0,7859.0,8035.0,8312.0,8741.0,8835.0,8917.0,8645.0,8078.0,7400.0,6884.0,6992.0,7270.0,7868.0,8415.0,8904.0,9239.0,9373.0,9411.0,9051.0,8351.0,7658.0,7178.0,7149.0,6936.0,7025.0,6955.0,7025.0,6875.0,6861.0,7040.0,6913.0,6382.0,5739.0,5151.0,5114.0,5170.0,5602.0
395059,34,"San Jose, CA",Msa,CA,1304.0,1319.0,1687.0,2091.0,2509.0,2748.0,2952.0,3029.0,3167.0,3278.0,3183.0,2748.0,2318.0,2210.0,2531.0,2948.0,3377.0,3657.0,3782.0,3674.0,3549.0,3401.0,3042.0,2433.0,1899.0,1794.0,2009.0,2159.0,2405.0,2660.0,2993.0,3098.0,3180.0,3280.0,3140.0,2754.0,2351.0,2271.0,2592.0,2901.0,3135.0
394355,35,"Austin, TX",Msa,TX,8006.0,7628.0,8212.0,9217.0,10359.0,11164.0,11588.0,11669.0,11342.0,10972.0,10460.0,9852.0,9236.0,8853.0,9213.0,9808.0,10553.0,11305.0,11839.0,12116.0,11914.0,11563.0,10891.0,9875.0,9124.0,8772.0,9194.0,9498.0,10245.0,10520.0,10704.0,10158.0,9565.0,9046.0,8315.0,7468.0,6548.0,5898.0,6153.0,6771.0,7844.0
395194,36,"Virginia Beach, VA",Msa,VA,11858.0,11477.0,11790.0,12470.0,13256.0,13780.0,13956.0,13859.0,13375.0,12996.0,12488.0,11870.0,11344.0,11062.0,11449.0,12010.0,12706.0,13106.0,13200.0,13004.0,12589.0,12085.0,11406.0,10604.0,9943.0,9678.0,10004.0,10155.0,10308.0,10082.0,9915.0,9534.0,9172.0,8872.0,8493.0,7885.0,7259.0,6634.0,6550.0,6859.0,7507.0
394902,37,"Nashville, TN",Msa,TN,8702.0,8400.0,8786.0,9470.0,10310.0,11047.0,11580.0,11979.0,12072.0,12148.0,11977.0,11515.0,11065.0,10743.0,11010.0,11461.0,12184.0,12849.0,13440.0,13612.0,13589.0,13514.0,13172.0,12452.0,11601.0,11177.0,11339.0,11467.0,11994.0,12359.0,12699.0,12443.0,11862.0,11332.0,10600.0,9701.0,"","","","",""
395005,38,"Providence, RI",Msa,RI,5987.0,5460.0,5441.0,5901.0,6634.0,7394.0,7935.0,8233.0,8337.0,8381.0,8086.0,7433.0,6636.0,6114.0,6120.0,6475.0,7092.0,7597.0,7818.0,7817.0,7802.0,7795.0,7457.0,6786.0,6077.0,5641.0,5595.0,5464.0,5542.0,5588.0,5820.0,5811.0,5713.0,5574.0,5272.0,4725.0,4151.0,3449.0,3181.0,2989.0,3256.0
394862,39,"Milwaukee, WI",Msa,WI,4159.0,3846.0,4001.0,4422.0,5033.0,5380.0,5574.0,5521.0,5460.0,5375.0,5112.0,4685.0,4152.0,3779.0,3744.0,3847.0,4157.0,4450.0,4711.0,4802.0,4797.0,4727.0,4455.0,4020.0,3512.0,3302.0,3425.0,3634.0,3840.0,4016.0,4299.0,4548.0,4682.0,4718.0,4493.0,3992.0,3375.0,2914.0,2898.0,3234.0,3982.0
394714,40,"Jacksonville, FL",Msa,FL,9763.0,10009.0,10809.0,11592.0,12129.0,12418.0,12659.0,12767.0,12633.0,12407.0,12117.0,11634.0,11419.0,11472.0,12159.0,12888.0,13361.0,13643.0,13514.0,13323.0,12872.0,12641.0,12286.0,11876.0,11487.0,11548.0,12012.0,12030.0,12028.0,11598.0,11261.0,10560.0,9835.0,9333.0,8780.0,8261.0,7719.0,7069.0,6705.0,6393.0,6464.0
394849,41,"Memphis, TN",Msa,TN,5741.0,5575.0,5686.0,5907.0,6228.0,6526.0,6810.0,6974.0,6935.0,6795.0,6525.0,6296.0,6105.0,6042.0,6182.0,6257.0,6342.0,6340.0,6400.0,6423.0,6355.0,6264.0,6043.0,5722.0,5433.0,5214.0,5193.0,5093.0,5128.0,4993.0,4886.0,4641.0,4459.0,4276.0,4057.0,3737.0,3440.0,3194.0,3266.0,3400.0,3709.0
394935,42,"Oklahoma City, OK",Msa,OK,8509.0,8249.0,8436.0,8652.0,9055.0,9266.0,9394.0,9346.0,9126.0,8825.0,8517.0,8085.0,7674.0,7269.0,7253.0,7461.0,7749.0,8081.0,8287.0,8498.0,8369.0,8127.0,7717.0,7266.0,6937.0,6728.0,6814.0,6775.0,7014.0,7038.0,7053.0,6770.0,6475.0,6219.0,5778.0,5257.0,4797.0,4330.0,4298.0,4183.0,4382.0
394807,43,"Louisville-Jefferson County, KY",Msa,KY,4491.0,4302.0,4489.0,4727.0,5045.0,5389.0,5761.0,5984.0,6015.0,6032.0,5936.0,5635.0,5294.0,4992.0,5085.0,5218.0,5511.0,5727.0,5929.0,6032.0,6085.0,6106.0,5941.0,5473.0,5051.0,4750.0,4734.0,4581.0,4601.0,4530.0,4517.0,4346.0,4252.0,4281.0,4204.0,3969.0,3661.0,3328.0,3285.0,3241.0,3450.0
394669,44,"Hartford, CT",Msa,CT,5882.0,5269.0,5164.0,5587.0,6253.0,6898.0,7052.0,7104.0,6940.0,6874.0,6621.0,6066.0,5441.0,5048.0,5157.0,5531.0,6113.0,6525.0,6746.0,6746.0,6692.0,6583.0,6252.0,5673.0,5101.0,4758.0,4776.0,4637.0,4668.0,4673.0,4864.0,4823.0,4794.0,4772.0,4554.0,4037.0,3452.0,2970.0,2867.0,2951.0,3261.0
395022,45,"Richmond, VA",Msa,VA,4954.0,4785.0,5069.0,5547.0,5969.0,6230.0,6299.0,6295.0,6168.0,6090.0,5842.0,5398.0,4951.0,4678.0,4846.0,5107.0,5536.0,5823.0,6005.0,5989.0,5940.0,5955.0,5778.0,5370.0,4961.0,4776.0,4961.0,5040.0,5127.0,5000.0,4878.0,4661.0,4537.0,4509.0,4352.0,3992.0,3592.0,3314.0,3411.0,3579.0,3939.0
394910,46,"New Orleans, LA",Msa,LA,3834.0,3814.0,4032.0,4233.0,4437.0,4512.0,4555.0,4495.0,4335.0,4215.0,4084.0,3936.0,3833.0,3808.0,3957.0,4092.0,4270.0,4504.0,4629.0,4731.0,4610.0,4480.0,4213.0,3926.0,3736.0,3613.0,3689.0,3639.0,3745.0,3652.0,3598.0,"","","",2794.0,2670.0,2582.0,2485.0,2485.0,2437.0,2471.0
394425,47,"Buffalo, NY",Msa,NY,2812.0,2534.0,2544.0,2674.0,2987.0,3251.0,3548.0,3714.0,3787.0,3723.0,3486.0,3132.0,2791.0,2554.0,2582.0,2692.0,2978.0,3272.0,3517.0,3648.0,3665.0,3618.0,3413.0,3038.0,2693.0,2457.0,2401.0,2204.0,2208.0,2377.0,2702.0,2890.0,2844.0,2727.0,2445.0,2081.0,1764.0,1546.0,1584.0,1663.0,1886.0
395012,48,"Raleigh, NC",Msa,NC,6323.0,6199.0,6639.0,7143.0,7689.0,8024.0,8052.0,7944.0,7619.0,7582.0,7343.0,7033.0,6773.0,6687.0,7061.0,7373.0,7887.0,8466.0,8775.0,8928.0,8758.0,8762.0,8510.0,8053.0,7722.0,7550.0,7838.0,7827.0,7979.0,7689.0,7473.0,7021.0,6629.0,6309.0,5712.0,5014.0,4306.0,3800.0,3612.0,3470.0,3416.0
394388,49,"Birmingham, AL",Msa,AL,6237.0,6163.0,6407.0,6714.0,6988.0,7213.0,7273.0,7288.0,7162.0,7021.0,6730.0,6295.0,5946.0,5740.0,5928.0,6135.0,6391.0,6625.0,6804.0,6924.0,6842.0,6646.0,6310.0,5853.0,5571.0,5426.0,5575.0,5534.0,5602.0,5546.0,5552.0,5421.0,5302.0,5220.0,5033.0,4693.0,4447.0,4215.0,4117.0,3988.0,3911.0
395053,50,"Salt Lake City, UT",Msa,UT,2589.0,2556.0,2796.0,3178.0,3700.0,4137.0,4446.0,4692.0,4872.0,5050.0,4970.0,4621.0,4246.0,3934.0,4099.0,4363.0,4815.0,5139.0,5278.0,5315.0,5208.0,5075.0,4675.0,4084.0,3553.0,3212.0,3383.0,3640.0,4070.0,4197.0,4166.0,3960.0,3728.0,3565.0,3180.0,2699.0,2250.0,1962.0,2080.0,2260.0,2565.0
395031,51,"Rochester, NY",Msa,NY,3075.0,2839.0,2919.0,3203.0,3577.0,3896.0,4089.0,4200.0,4185.0,4096.0,3853.0,3454.0,3056.0,2793.0,2819.0,2995.0,3305.0,3610.0,3818.0,3869.0,3842.0,3764.0,3565.0,3191.0,2809.0,2595.0,2587.0,2484.0,2544.0,2701.0,2983.0,3120.0,3073.0,2998.0,2715.0,2276.0,1898.0,1641.0,1683.0,1791.0,2023.0
394640,52,"Grand Rapids, MI",Msa,MI,3289.0,2922.0,2951.0,3156.0,3554.0,3919.0,4269.0,4534.0,4621.0,4583.0,4337.0,3961.0,3586.0,3291.0,3284.0,3432.0,3806.0,4229.0,4558.0,4732.0,4776.0,4769.0,4530.0,4090.0,3610.0,3298.0,3266.0,3083.0,3331.0,3506.0,3860.0,3778.0,3559.0,3532.0,3299.0,3055.0,2626.0,2382.0,2353.0,2351.0,2493.0
395167,53,"Tucson, AZ",Msa,AZ,4957.0,4980.0,5187.0,5189.0,5191.0,5040.0,4839.0,4679.0,4528.0,4548.0,4636.0,4680.0,4825.0,4893.0,5163.0,5274.0,5287.0,5163.0,4941.0,4760.0,4597.0,4563.0,4541.0,4428.0,4390.0,4387.0,4550.0,4455.0,4380.0,4131.0,3920.0,3693.0,3651.0,3771.0,3770.0,3556.0,3324.0,3083.0,2991.0,2831.0,2878.0
753924,54,"Urban Honolulu, HI",Msa,HI,3649.0,3610.0,3845.0,4083.0,4306.0,4378.0,4466.0,4500.0,4461.0,4378.0,4332.0,4269.0,4269.0,4307.0,4495.0,4667.0,4839.0,4937.0,5044.0,5107.0,5123.0,5063.0,4918.0,4723.0,4507.0,4404.0,4459.0,4429.0,4389.0,4322.0,4426.0,4492.0,4471.0,4407.0,4311.0,4185.0,"","","","",""
395169,55,"Tulsa, OK",Msa,OK,5771.0,5646.0,5766.0,5915.0,6105.0,6301.0,6474.0,6611.0,6551.0,6390.0,6058.0,5657.0,5352.0,5173.0,5213.0,5303.0,5393.0,5494.0,5532.0,5553.0,5437.0,5270.0,5003.0,4702.0,4477.0,4388.0,4521.0,4498.0,4536.0,4451.0,4404.0,4298.0,4124.0,4089.0,3907.0,3649.0,3374.0,3054.0,2996.0,2912.0,3062.0
394619,56,"Fresno, CA",Msa,CA,1920.0,1884.0,2008.0,2151.0,2320.0,2431.0,2526.0,2603.0,2644.0,2670.0,2594.0,2457.0,2326.0,2268.0,2360.0,2450.0,2585.0,2685.0,2744.0,2773.0,2756.0,2730.0,2619.0,2418.0,2241.0,2128.0,2148.0,2104.0,2083.0,1983.0,1922.0,1834.0,1786.0,1752.0,1667.0,1515.0,1361.0,1263.0,1308.0,1377.0,1483.0
395238,57,"Worcester, MA",Msa,MA,2915.0,2635.0,2669.0,2951.0,3377.0,3762.0,3961.0,4059.0,4098.0,4183.0,4045.0,3653.0,3174.0,2838.0,2834.0,3017.0,3416.0,3774.0,3943.0,3924.0,3886.0,3867.0,3687.0,3239.0,2800.0,2530.0,2576.0,2560.0,2677.0,2744.0,2800.0,2719.0,2589.0,2567.0,2396.0,2099.0,1767.0,1527.0,1551.0,1690.0,1914.0
394415,58,"Stamford, CT",Msa,CT,5726.0,5327.0,5477.0,6372.0,7172.0,7757.0,7577.0,7388.0,7189.0,7050.0,6805.0,6213.0,5628.0,5397.0,5761.0,6358.0,7085.0,7539.0,7708.0,7467.0,7265.0,7095.0,6797.0,6133.0,5466.0,5234.0,5453.0,5478.0,5619.0,5800.0,6245.0,6265.0,6117.0,5859.0,5438.0,4755.0,4070.0,3523.0,3403.0,3479.0,3845.0
394312,59,"Albuquerque, NM",Msa,NM,3822.0,3638.0,3714.0,3895.0,4158.0,4388.0,4532.0,4623.0,4582.0,4494.0,4272.0,3960.0,3634.0,3398.0,3413.0,3556.0,3748.0,3967.0,4106.0,4191.0,4121.0,4055.0,3882.0,3582.0,3261.0,3046.0,3077.0,3056.0,3135.0,3083.0,3086.0,2986.0,2916.0,2884.0,2751.0,2557.0,2307.0,2171.0,2136.0,2141.0,2219.0
394308,60,"Albany, NY",Msa,NY,2677.0,2471.0,2485.0,2595.0,2826.0,3016.0,3196.0,3242.0,3260.0,3237.0,3152.0,2942.0,2711.0,2526.0,2514.0,2577.0,2778.0,2964.0,3100.0,3146.0,3163.0,3137.0,2992.0,2706.0,2431.0,2244.0,2194.0,2075.0,2080.0,2145.0,2296.0,2354.0,2346.0,2339.0,2220.0,2003.0,1786.0,1568.0,1489.0,1442.0,1535.0
394938,61,"Omaha, NE",Msa,NE,3038.0,2909.0,3067.0,3292.0,3597.0,3854.0,4058.0,4188.0,4215.0,4173.0,4044.0,3721.0,3403.0,3125.0,3111.0,3257.0,3572.0,3874.0,4017.0,4093.0,4132.0,4172.0,4007.0,3648.0,3304.0,3133.0,3312.0,3438.0,3654.0,3631.0,3608.0,3424.0,3269.0,3146.0,2923.0,2592.0,2265.0,2009.0,2010.0,2177.0,2445.0
394908,62,"New Haven, CT",Msa,CT,4078.0,3671.0,3610.0,3912.0,4314.0,4580.0,4589.0,4588.0,4543.0,4483.0,4276.0,3935.0,3581.0,3371.0,3471.0,3728.0,4097.0,4337.0,4438.0,4393.0,4285.0,4155.0,3886.0,3494.0,3132.0,2967.0,3040.0,2998.0,3022.0,3025.0,3149.0,3175.0,3184.0,3166.0,3015.0,2664.0,2310.0,1992.0,1942.0,1955.0,2161.0
394357,63,"Bakersfield, CA",Msa,CA,2516.0,2559.0,2761.0,2972.0,3143.0,3306.0,3420.0,3542.0,3565.0,3534.0,3375.0,3135.0,2983.0,2895.0,3000.0,3072.0,3206.0,3330.0,3439.0,3503.0,3467.0,3418.0,3286.0,3078.0,2876.0,2764.0,2814.0,2810.0,2875.0,2840.0,2849.0,2794.0,2767.0,2696.0,2487.0,2218.0,2000.0,1866.0,1849.0,1848.0,1888.0
394753,64,"Knoxville, TN",Msa,TN,4491.0,4336.0,4405.0,4574.0,4795.0,4932.0,5070.0,5186.0,5211.0,5147.0,4961.0,4671.0,4395.0,4226.0,4327.0,4468.0,4655.0,4774.0,4794.0,4804.0,4747.0,4756.0,4678.0,4452.0,4197.0,3954.0,3938.0,3867.0,3905.0,3842.0,3735.0,3522.0,3353.0,3357.0,3313.0,3136.0,2882.0,2627.0,2524.0,2412.0,2477.0
394653,65,"Greenville, SC",Msa,SC,5664.0,5498.0,5746.0,5935.0,6164.0,6204.0,6229.0,6240.0,6177.0,6087.0,5890.0,5604.0,5397.0,5262.0,5526.0,5720.0,6106.0,6422.0,6787.0,7028.0,7044.0,6921.0,6605.0,6191.0,5920.0,5796.0,5892.0,5906.0,5966.0,5853.0,5733.0,5491.0,5250.0,5135.0,4899.0,4690.0,"","","","",""
394952,66,"Ventura, CA",Msa,CA,1610.0,1566.0,1703.0,1879.0,2112.0,2305.0,2476.0,2592.0,2637.0,2629.0,2503.0,2298.0,2131.0,2047.0,2148.0,2270.0,2464.0,2597.0,2708.0,2692.0,2589.0,2425.0,2253.0,2006.0,1835.0,1759.0,1842.0,1849.0,1920.0,1989.0,2092.0,2044.0,1947.0,1830.0,1682.0,1475.0,1300.0,1232.0,1304.0,1366.0,1444.0
394318,67,"Allentown, PA",Msa,PA,3799.0,3571.0,3607.0,3795.0,4103.0,4409.0,4603.0,4668.0,4646.0,4628.0,4497.0,4189.0,3861.0,3633.0,3674.0,3817.0,4048.0,4229.0,4316.0,4330.0,4264.0,4163.0,3932.0,3594.0,3268.0,3048.0,2973.0,2688.0,2638.0,2749.0,3035.0,3075.0,2981.0,2942.0,2813.0,2561.0,2253.0,1991.0,1945.0,2032.0,2300.0
394561,68,"El Paso, TX",Msa,TX,4544.0,4575.0,4632.0,4639.0,4564.0,4433.0,4356.0,4274.0,4191.0,4127.0,4075.0,3961.0,3853.0,3773.0,3811.0,3825.0,3810.0,3872.0,3935.0,4011.0,3955.0,3924.0,3861.0,3780.0,3702.0,3751.0,3835.0,3823.0,3735.0,3600.0,3438.0,3286.0,3130.0,3071.0,2763.0,2502.0,2258.0,2217.0,2200.0,2118.0,2077.0
394367,69,"Baton Rouge, LA",Msa,LA,4129.0,4193.0,4441.0,4688.0,4961.0,5206.0,5392.0,5464.0,5359.0,5279.0,5175.0,5033.0,4925.0,4901.0,5101.0,5286.0,5448.0,5567.0,5645.0,5729.0,5676.0,5580.0,5383.0,5159.0,5030.0,4996.0,5119.0,5072.0,5072.0,4949.0,4865.0,4640.0,4382.0,4167.0,3925.0,3718.0,3570.0,3416.0,3384.0,3197.0,3118.0
394521,70,"Dayton, OH",Msa,OH,2885.0,2754.0,2821.0,2978.0,3149.0,3297.0,3416.0,3519.0,3583.0,3630.0,3546.0,3305.0,2981.0,2726.0,2678.0,2682.0,2760.0,2842.0,2948.0,3008.0,2980.0,2948.0,2825.0,2597.0,2381.0,2221.0,2242.0,2198.0,2220.0,2185.0,2218.0,2233.0,2268.0,2315.0,2249.0,2073.0,1844.0,1657.0,1643.0,1694.0,1810.0
394843,71,"McAllen, TX",Msa,TX,2166.0,2174.0,2237.0,2269.0,2315.0,2298.0,2286.0,2307.0,2333.0,2400.0,2406.0,2395.0,2435.0,2505.0,2608.0,2602.0,2587.0,2567.0,2571.0,2566.0,2546.0,2537.0,2510.0,2455.0,2429.0,2446.0,2501.0,2465.0,2419.0,2286.0,2151.0,1963.0,"","","",1702.0,1730.0,1684.0,1650.0,1607.0,1614.0
394486,72,"Columbia, SC",Msa,SC,5389.0,5171.0,5224.0,5389.0,5568.0,5613.0,5616.0,5619.0,5416.0,5230.0,5007.0,4783.0,4594.0,4426.0,4523.0,4566.0,4755.0,5038.0,5416.0,5664.0,5632.0,5444.0,5176.0,4918.0,4826.0,4751.0,4845.0,4714.0,4704.0,4457.0,4258.0,"","","","",3141.0,2967.0,2918.0,2928.0,2858.0,2846.0
394648,73,"Greensboro, NC",Msa,NC,2886.0,2802.0,2876.0,3048.0,3302.0,3397.0,3443.0,3189.0,2963.0,2738.0,2646.0,2526.0,2429.0,2356.0,2453.0,2510.0,2634.0,2708.0,2811.0,2859.0,2857.0,2797.0,2695.0,2515.0,2363.0,2254.0,2293.0,2280.0,2344.0,2315.0,2295.0,2172.0,2109.0,2088.0,2015.0,1869.0,1701.0,1523.0,1389.0,1150.0,983.0
394304,74,"Akron, OH",Msa,OH,4028.0,3781.0,3877.0,4128.0,4456.0,4676.0,4815.0,4875.0,4813.0,4669.0,4400.0,3992.0,3578.0,3292.0,3349.0,3555.0,3926.0,4240.0,4492.0,4559.0,4542.0,4462.0,4273.0,3959.0,3599.0,3332.0,3303.0,3212.0,3219.0,3183.0,3310.0,3363.0,3322.0,3201.0,2977.0,2635.0,2342.0,1876.0,1630.0,1419.0,1566.0
753906,75,"North Port-Sarasota-Bradenton, FL",Msa,FL,9267.0,9856.0,10595.0,10817.0,10592.0,10054.0,9398.0,8934.0,8563.0,8570.0,8846.0,9202.0,9895.0,10480.0,11180.0,11115.0,10743.0,10194.0,9668.0,9254.0,8789.0,8649.0,8747.0,8886.0,9348.0,9797.0,10187.0,9795.0,9342.0,8831.0,8490.0,7998.0,7547.0,7364.0,7068.0,6727.0,6457.0,6072.0,5727.0,5016.0,4585.0
394798,76,"Little Rock, AR",Msa,AR,4914.0,4775.0,4925.0,5170.0,5525.0,5778.0,5889.0,5950.0,5920.0,5862.0,5699.0,5418.0,5184.0,5070.0,5223.0,5416.0,5381.0,5248.0,5035.0,4973.0,5017.0,5057.0,5024.0,4785.0,4558.0,4485.0,4597.0,4642.0,4703.0,4668.0,4707.0,4654.0,4490.0,4313.0,3913.0,3465.0,3016.0,2766.0,2728.0,2694.0,2797.0
395134,77,"Stockton, CA",Msa,CA,1323.0,1262.0,1339.0,1441.0,1598.0,1714.0,1828.0,1948.0,2042.0,2098.0,2038.0,1884.0,1727.0,1615.0,1653.0,1743.0,1865.0,2005.0,2121.0,2199.0,2221.0,2204.0,2108.0,1907.0,1686.0,1552.0,1547.0,1531.0,1563.0,1554.0,1546.0,1465.0,1403.0,1379.0,1282.0,1121.0,965.0,910.0,979.0,1066.0,1159.0
394457,78,"Charleston, SC",Msa,SC,5856.0,5861.0,6251.0,6653.0,7013.0,7144.0,7108.0,6971.0,6678.0,6671.0,6591.0,6483.0,6329.0,6336.0,6733.0,7038.0,7342.0,7559.0,7667.0,7682.0,7413.0,7303.0,7018.0,6738.0,6490.0,6449.0,6634.0,6594.0,6707.0,6648.0,6563.0,6193.0,5825.0,5714.0,5461.0,5100.0,4594.0,4146.0,3897.0,3629.0,3503.0
395143,79,"Syracuse, NY",Msa,NY,2596.0,2409.0,2419.0,2573.0,2800.0,3023.0,3227.0,3373.0,3385.0,3268.0,3039.0,2743.0,2454.0,2262.0,2263.0,2378.0,2563.0,2720.0,2848.0,2927.0,2927.0,2862.0,2645.0,2342.0,2043.0,1861.0,1800.0,1685.0,1680.0,1754.0,1902.0,1970.0,1958.0,1911.0,1743.0,1506.0,1327.0,1186.0,1174.0,1198.0,1359.0
394484,80,"Colorado Springs, CO",Msa,CO,1899.0,1846.0,2053.0,2382.0,2882.0,3341.0,3731.0,3909.0,3936.0,3791.0,3540.0,3163.0,2819.0,2565.0,2606.0,2797.0,3185.0,3598.0,3898.0,4053.0,3981.0,3828.0,3468.0,3051.0,2709.0,2551.0,2741.0,2867.0,3252.0,3542.0,3900.0,3938.0,3782.0,3603.0,3242.0,2813.0,2418.0,2081.0,1988.0,1973.0,2234.0
395235,81,"Winston-Salem, NC",Msa,NC,2579.0,2509.0,2667.0,2918.0,3233.0,3323.0,3399.0,3182.0,3005.0,2785.0,2674.0,2490.0,2311.0,2213.0,2356.0,2504.0,2661.0,2699.0,2731.0,2727.0,2733.0,2716.0,2644.0,2468.0,2350.0,2281.0,2407.0,2398.0,2406.0,2271.0,2204.0,2106.0,2041.0,2023.0,1940.0,1798.0,1619.0,1442.0,1339.0,1124.0,945.0
395224,82,"Wichita, KS",Msa,KS,2685.0,2551.0,2571.0,2638.0,2778.0,2925.0,3010.0,3073.0,3031.0,3038.0,2985.0,2871.0,2733.0,2605.0,2627.0,2690.0,2766.0,2812.0,2770.0,2751.0,2677.0,2640.0,2511.0,2346.0,2219.0,2165.0,2213.0,2209.0,2239.0,2187.0,2165.0,2112.0,2121.0,2130.0,2094.0,1957.0,1804.0,1575.0,1500.0,1478.0,1618.0
395115,83,"Springfield, MA",Msa,MA,1795.0,1653.0,1677.0,1807.0,2011.0,2206.0,2338.0,2386.0,2381.0,2382.0,2286.0,2091.0,1862.0,1714.0,1730.0,1814.0,1988.0,2111.0,2187.0,2190.0,2180.0,2163.0,2062.0,1839.0,1611.0,1492.0,1523.0,1505.0,1534.0,1538.0,1580.0,1561.0,1550.0,1566.0,1497.0,1338.0,1163.0,1032.0,1008.0,1027.0,1129.0
394440,84,"Fort Myers, FL",Msa,FL,14650.0,15600.0,16725.0,16875.0,16572.0,15584.0,14677.0,13987.0,13567.0,13664.0,14186.0,14939.0,16149.0,17203.0,18156.0,18199.0,17627.0,16771.0,15711.0,14833.0,14066.0,13873.0,14021.0,14239.0,14761.0,15147.0,15467.0,14780.0,14150.0,13343.0,12747.0,12029.0,11433.0,11120.0,10620.0,10059.0,9470.0,8870.0,7619.0,6173.0,4981.0
394399,85,"Boise City, ID",Msa,ID,3481.0,3170.0,3214.0,3545.0,3819.0,4022.0,4102.0,4321.0,4454.0,4495.0,4337.0,4002.0,3695.0,3456.0,3521.0,3770.0,4105.0,4366.0,4483.0,4531.0,4523.0,4509.0,4354.0,4028.0,3675.0,3476.0,3571.0,3673.0,3934.0,3976.0,3858.0,"","","","",2211.0,1894.0,1725.0,1829.0,1974.0,2268.0
395160,86,"Toledo, OH",Msa,OH,2427.0,2324.0,2358.0,2425.0,2528.0,2610.0,2714.0,2820.0,2855.0,2825.0,2676.0,2459.0,2252.0,2085.0,2098.0,2168.0,2295.0,2380.0,2411.0,2451.0,2449.0,2466.0,2407.0,2278.0,2125.0,2026.0,2014.0,1953.0,1954.0,1936.0,1943.0,1896.0,1859.0,1859.0,1777.0,1629.0,1463.0,1326.0,1284.0,1291.0,1383.0
394816,87,"Madison, WI",Msa,WI,2311.0,2163.0,2344.0,2737.0,3169.0,3472.0,3590.0,3584.0,3481.0,3348.0,3121.0,2766.0,2436.0,2275.0,2414.0,2699.0,3101.0,3413.0,3560.0,3541.0,3466.0,3395.0,3188.0,2850.0,2501.0,2366.0,2539.0,2729.0,2920.0,2972.0,3082.0,3097.0,3054.0,2993.0,2826.0,2524.0,2139.0,1884.0,1916.0,2092.0,2336.0
394766,88,"Lakeland, FL",Msa,FL,4193.0,4243.0,4429.0,4535.0,4600.0,4569.0,4529.0,4558.0,4639.0,4725.0,4765.0,4720.0,4893.0,5106.0,5449.0,5456.0,5364.0,5344.0,5374.0,5475.0,5458.0,5506.0,5458.0,5293.0,5225.0,5246.0,5354.0,5193.0,5112.0,4946.0,4886.0,4653.0,4473.0,4333.0,4146.0,3901.0,3650.0,3389.0,3167.0,2815.0,2598.0
394931,89,"Ogden, UT",Msa,UT,1647.0,1572.0,1664.0,1818.0,2097.0,2297.0,2425.0,2554.0,2654.0,2751.0,2661.0,2443.0,2238.0,2126.0,2220.0,2333.0,2544.0,2731.0,2866.0,2935.0,2974.0,2988.0,2836.0,2525.0,2206.0,1991.0,2079.0,2192.0,2380.0,2343.0,2259.0,2068.0,1886.0,1825.0,1670.0,1508.0,1302.0,1164.0,1212.0,1253.0,1426.0
394528,90,"Daytona Beach, FL",Msa,FL,5550.0,5655.0,5925.0,6150.0,6329.0,6397.0,6373.0,6363.0,6293.0,6288.0,6284.0,6255.0,6368.0,6509.0,6809.0,6822.0,6773.0,6693.0,6687.0,6657.0,6541.0,6480.0,6425.0,6291.0,6314.0,6384.0,6609.0,6488.0,6469.0,6241.0,6010.0,5546.0,5172.0,4969.0,4755.0,4567.0,4433.0,4322.0,4160.0,3923.0,3859.0
394531,91,"Des Moines, IA",Msa,IA,3721.0,3691.0,4055.0,4239.0,4458.0,4459.0,4577.0,4647.0,4659.0,4674.0,4545.0,4286.0,4051.0,3868.0,3930.0,4091.0,4362.0,4541.0,4646.0,4743.0,4822.0,4849.0,4747.0,4504.0,4248.0,4095.0,4204.0,4292.0,4459.0,4382.0,4300.0,4051.0,3857.0,3793.0,3664.0,3471.0,3195.0,3006.0,3044.0,3124.0,3255.0
394711,92,"Jackson, MS",Msa,MS,2814.0,2820.0,2966.0,3137.0,3349.0,3437.0,3450.0,3358.0,3232.0,3143.0,3033.0,2881.0,2737.0,2682.0,2811.0,2920.0,3017.0,3051.0,3066.0,3033.0,2965.0,2908.0,2853.0,2766.0,2680.0,2618.0,2656.0,2637.0,2634.0,2530.0,2455.0,2311.0,2177.0,2074.0,1932.0,1767.0,1595.0,1461.0,1442.0,1434.0,1466.0
394352,94,"Augusta, GA",Msa,GA,3873.0,3780.0,3852.0,3938.0,4049.0,4080.0,4088.0,4061.0,3999.0,3925.0,3822.0,3695.0,3622.0,3605.0,3709.0,3762.0,3856.0,3971.0,4100.0,4161.0,4158.0,4099.0,3923.0,3688.0,3542.0,3547.0,3601.0,3483.0,3338.0,3087.0,2995.0,2828.0,2726.0,2580.0,2408.0,2246.0,2128.0,2090.0,2093.0,2041.0,2064.0
394666,96,"Harrisburg, PA",Msa,PA,2469.0,2260.0,2293.0,2408.0,2564.0,2656.0,2695.0,2709.0,2664.0,2611.0,2478.0,2293.0,2085.0,1939.0,1956.0,2062.0,2248.0,2398.0,2476.0,2494.0,2484.0,2475.0,2402.0,2243.0,2071.0,1925.0,1845.0,1657.0,1645.0,1708.0,1860.0,1840.0,1712.0,1681.0,1597.0,1489.0,1343.0,1242.0,1259.0,1285.0,1354.0
395006,100,"Provo, UT",Msa,UT,1851.0,1732.0,1804.0,2047.0,2527.0,2965.0,3259.0,3388.0,3402.0,3482.0,3517.0,3458.0,3322.0,3197.0,3330.0,3541.0,3875.0,4126.0,4264.0,4347.0,4263.0,4185.0,3927.0,3589.0,3262.0,3034.0,3146.0,3323.0,3674.0,3724.0,3561.0,3164.0,2823.0,2597.0,2256.0,1894.0,1544.0,1327.0,1353.0,1430.0,1662.0
394602,159,"Fort Collins, CO",Msa,CO,2307.0,2135.0,2263.0,2517.0,2866.0,3122.0,3359.0,3475.0,3481.0,3516.0,3458.0,3255.0,2908.0,2650.0,2709.0,2961.0,3370.0,3486.0,3488.0,3345.0,3344.0,3243.0,3019.0,2695.0,2481.0,2344.0,2396.0,2394.0,2646.0,2868.0,3070.0,2994.0,2926.0,2787.0,2537.0,2172.0,1892.0,1815.0,1895.0,2026.0,2171.0
